{"_runtime":218,"fit/static_loss":0.0677291750907898,"fit/sigreg_loss_static":17.5,"fit/sigreg_loss":16.875,"trainer/global_step":399,"_wandb":{"runtime":218},"_step":7,"epoch":0,"fit/loss":3.4115803241729736,"_timestamp":1.775069510302628e+09,"fit/pred_loss":0.2501010000705719}