{"_timestamp":1.7750712497241762e+09,"fit/static_emb_std":0.466796875,"fit/sigreg_loss":4.0625,"_wandb":{"runtime":1683},"fit/pred_loss":0.15284974873065948,"trainer/global_step":3499,"epoch":0,"_runtime":1683,"fit/sigreg_loss_static":4.28125,"fit/loss":1.0512702465057373,"fit/static_loss":0.14842048287391663,"_step":69}