epoch,fit/loss,fit/pred_loss,fit/sigreg_loss,step
0,3.6370391845703125,0.2464141845703125,37.75,49
0,3.5162835121154785,0.2506585419178009,36.25,99
0,3.2993836402893066,0.2681336998939514,33.75,149
